{"schemaVersion":"1.0","appDefinitionTemplate":{"id":"/providers/Microsoft.PowerApps/apps/","type":"Microsoft.PowerApps/apps","tags":{"primaryDeviceWidth":"1366","primaryDeviceHeight":"768","sienaVersion":"20210321T133835Z-3.21032.45.0","deviceCapabilities":"","supportsPortrait":"false","supportsLandscape":"true","primaryFormFactor":"Tablet","publisherVersion":"3.21032.45","minimumRequiredApiVersion":"2.2.0","hasComponent":"true","hasUnlockedComponent":"true","isUnifiedRootApp":"false"},"properties":{"appVersion":"2021-03-21T13:38:35Z","lifeCycleId":"Published","createdByClientVersion":{"major":3,"minor":21032,"build":45,"revision":0,"majorRevision":0,"minorRevision":0},"minClientVersion":{"major":3,"minor":21032,"build":45,"revision":0,"majorRevision":0,"minorRevision":0},"backgroundColor":"rgba(0, 176, 240, 1)","backgroundImageUri":"/8756519100837324363/N10f9e8aa-9589-439b-b0e3-8c77dab3fe00-logoSmallFile","displayName":"Starter","description":"","commitMessage":"","appUris":{"documentUri":{"value":"/8756519100837324363/N1ad8183b-9979-46f1-921f-8a1d600e2678-document.msapp"},"imageUris":[]},"createdTime":"0001-01-01T00:00:00Z","lastModifiedTime":"0001-01-01T00:00:00Z","sharedGroupsCount":0,"sharedUsersCount":0,"icons":{"smallIconUri":"/8756519100837324363/N66d912eb-c202-4a4e-91da-4cbf8dda7591-small.png","mediumIconUri":"/8756519100837324363/N9ad2f1cb-6f6c-4982-a020-84316bd594eb-medium.png","largeIconUri":"/8756519100837324363/Ndb071423-4f94-4695-a104-ca725f39dc98-large.png","wideIconUri":"/8756519100837324363/N8d5850be-5b36-4cf1-9ce3-95e1dfaf5415-wide.png"},"connectionReferences":{},"databaseReferences":{},"almMode":"Environment","performanceOptimizationEnabled":true,"canConsumeAppPass":true,"executionRestrictions":{"isTeamsOnly":false,"dataLossPreventionEvaluationResult":{"status":"Compliant","lastEvaluationDate":"2021-03-21T13:38:46.1974325Z","violationDetails":[]}}},"isAppComponentLibrary":false,"appType":"ClassicCanvasApp","appComponents":[]}}