{"schemaVersion":"1.0","appDefinitionTemplate":{"id":"/providers/Microsoft.PowerApps/apps/","type":"Microsoft.PowerApps/apps","tags":{"primaryDeviceWidth":"1366","primaryDeviceHeight":"768","sienaVersion":"20210321T182239Z-3.21032.45.0","deviceCapabilities":"","supportsPortrait":"false","supportsLandscape":"true","primaryFormFactor":"Tablet","publisherVersion":"3.21032.45","minimumRequiredApiVersion":"2.2.0","hasComponent":"true","hasUnlockedComponent":"true","isUnifiedRootApp":"false"},"properties":{"appVersion":"2021-03-21T18:22:39Z","lifeCycleId":"Published","createdByClientVersion":{"major":3,"minor":21032,"build":45,"revision":0,"majorRevision":0,"minorRevision":0},"minClientVersion":{"major":3,"minor":21032,"build":45,"revision":0,"majorRevision":0,"minorRevision":0},"backgroundColor":"rgba(0, 176, 240, 1)","backgroundImageUri":"/8756519100837324363/N7d880343-4c4e-4e2e-aa44-3e3f88124080-logoSmallFile","displayName":"Starter","description":"","commitMessage":"","appUris":{"documentUri":{"value":"/8756519100837324363/Nf2268ab8-a959-486d-98c8-d53216ba007d-document.msapp"},"imageUris":[]},"createdTime":"0001-01-01T00:00:00Z","lastModifiedTime":"0001-01-01T00:00:00Z","sharedGroupsCount":0,"sharedUsersCount":0,"icons":{"smallIconUri":"/8756519100837324363/N6fe88441-0dd5-4d07-8cce-1358459f29cc-small.png","mediumIconUri":"/8756519100837324363/N1b582b39-9f58-426e-a739-c2b40420f60e-medium.png","largeIconUri":"/8756519100837324363/Nfebb3d7b-5ed0-4d83-8ab4-4960b8281156-large.png","wideIconUri":"/8756519100837324363/N67be5ba7-b296-4cad-8916-5c64e5fe9187-wide.png"},"connectionReferences":{},"databaseReferences":{},"almMode":"Environment","performanceOptimizationEnabled":true,"canConsumeAppPass":true,"executionRestrictions":{"isTeamsOnly":false,"dataLossPreventionEvaluationResult":{"status":"Compliant","lastEvaluationDate":"2021-03-21T13:38:46.1974325Z","violationDetails":[]}}},"isAppComponentLibrary":false,"appType":"ClassicCanvasApp","appComponents":[]}}